[{"model": "ecommerce.category", "pk": 1, "fields": {"created_at": "2021-01-16T09:54:01.650Z", "updated_at": "2021-01-16T09:54:01.650Z", "visible": true, "name": "Cuisine"}}, {"model": "ecommerce.category", "pk": 2, "fields": {"created_at": "2021-01-18T11:59:22.852Z", "updated_at": "2021-01-18T11:59:22.852Z", "visible": true, "name": "Salon"}}, {"model": "ecommerce.category", "pk": 3, "fields": {"created_at": "2021-03-06T11:19:16.341Z", "updated_at": "2021-03-06T11:19:16.341Z", "visible": true, "name": "Bath"}}, {"model": "ecommerce.category", "pk": 4, "fields": {"created_at": "2021-03-06T11:20:55.100Z", "updated_at": "2021-03-06T11:20:55.100Z", "visible": true, "name": "Bathrom"}}, {"model": "ecommerce.category", "pk": 5, "fields": {"created_at": "2021-03-06T11:21:32.953Z", "updated_at": "2021-03-06T11:21:32.953Z", "visible": true, "name": "Serviette"}}, {"model": "ecommerce.category", "pk": 6, "fields": {"created_at": "2021-03-06T11:21:58.518Z", "updated_at": "2021-03-06T11:21:58.518Z", "visible": true, "name": "Carre visage"}}, {"model": "ecommerce.category", "pk": 7, "fields": {"created_at": "2021-03-17T16:38:16.737Z", "updated_at": "2021-03-17T16:38:16.737Z", "visible": true, "name": "test"}}, {"model": "ecommerce.category", "pk": 8, "fields": {"created_at": "2021-03-17T17:43:45.494Z", "updated_at": "2021-03-17T17:43:45.494Z", "visible": true, "name": "dfgdsfg"}}, {"model": "ecommerce.category", "pk": 9, "fields": {"created_at": "2021-03-17T18:02:31.701Z", "updated_at": "2021-03-17T18:02:31.701Z", "visible": true, "name": "aezraezrazer"}}, {"model": "ecommerce.category", "pk": 10, "fields": {"created_at": "2021-03-23T17:53:38.592Z", "updated_at": "2021-03-23T17:53:38.592Z", "visible": true, "name": "sqdfmlkjqsdfvmlkjwxcvmlkjqsdmlfkjqlmsdf"}}, {"model": "ecommerce.category", "pk": 11, "fields": {"created_at": "2021-05-27T20:10:20.041Z", "updated_at": "2021-05-27T20:10:20.041Z", "visible": true, "name": "Genouillére"}}, {"model": "ecommerce.category", "pk": 12, "fields": {"created_at": "2021-05-27T20:12:15.569Z", "updated_at": "2021-05-27T20:12:15.569Z", "visible": true, "name": "Collier"}}, {"model": "ecommerce.category", "pk": 13, "fields": {"created_at": "2021-05-27T20:13:13.965Z", "updated_at": "2021-05-27T20:13:13.965Z", "visible": true, "name": "Chevillère"}}, {"model": "ecommerce.category", "pk": 14, "fields": {"created_at": "2021-05-27T20:13:59.794Z", "updated_at": "2021-05-27T20:13:59.794Z", "visible": true, "name": "Ceinture"}}, {"model": "ecommerce.subcategory", "pk": 1, "fields": {"created_at": "2021-01-17T21:38:03.394Z", "updated_at": "2021-01-17T21:38:03.394Z", "visible": true, "name": "Cuisine", "category": 1}}, {"model": "ecommerce.subcategory", "pk": 2, "fields": {"created_at": "2021-01-17T21:38:33.532Z", "updated_at": "2021-01-17T21:38:33.532Z", "visible": true, "name": "Coffee Chop", "category": 1}}, {"model": "ecommerce.subcategory", "pk": 3, "fields": {"created_at": "2021-01-18T12:02:38.012Z", "updated_at": "2021-01-18T12:02:38.012Z", "visible": true, "name": "Table", "category": 2}}, {"model": "ecommerce.subcategory", "pk": 4, "fields": {"created_at": "2021-01-18T13:34:46.317Z", "updated_at": "2021-01-18T13:34:46.317Z", "visible": true, "name": "Chaise", "category": 2}}, {"model": "ecommerce.subcategory", "pk": 5, "fields": {"created_at": "2021-05-27T20:11:34.084Z", "updated_at": "2021-05-27T20:11:34.084Z", "visible": true, "name": "Genouillére", "category": 11}}, {"model": "ecommerce.subcategory", "pk": 6, "fields": {"created_at": "2021-05-27T20:12:22.443Z", "updated_at": "2021-05-27T20:12:22.443Z", "visible": true, "name": "Collier cervical", "category": 12}}, {"model": "ecommerce.subcategory", "pk": 7, "fields": {"created_at": "2021-05-27T20:13:19.505Z", "updated_at": "2021-05-27T20:13:19.505Z", "visible": true, "name": "Chevillère", "category": 13}}, {"model": "ecommerce.subcategory", "pk": 8, "fields": {"created_at": "2021-05-27T20:14:10.465Z", "updated_at": "2021-05-27T20:14:10.465Z", "visible": true, "name": "Ceinture Abdominale", "category": 14}}, {"model": "ecommerce.product", "pk": 1, "fields": {"created_at": "2021-01-18T12:02:46.526Z", "updated_at": "2021-05-27T20:10:11.976Z", "visible": false, "name": "Plateau", "description": "Plateau  2piece doré", "price": "5500.00", "main_image": "products/6d4fe91d4d8eea225999707ddd54342c.jpg", "slider": "[]", "discount_price": "300.00", "weight": 100, "reference": null, "stock": "20.00", "category": 3, "free_delivery": false}}, {"model": "ecommerce.product", "pk": 2, "fields": {"created_at": "2021-01-18T13:40:22.001Z", "updated_at": "2021-01-24T07:15:39.630Z", "visible": false, "name": "Chaise", "description": "Bis rouge style italaine", "price": "12000.00", "main_image": "products/safesoftlogo.jpg", "slider": "[\"/uploads/products/dummy.png\", \"/uploads/products/logo.png\", \"/uploads/products/safesoftlogo.jpg\"]", "discount_price": "500.00", "weight": 100, "reference": null, "stock": "20.00", "category": 4, "free_delivery": false}}, {"model": "ecommerce.product", "pk": 3, "fields": {"created_at": "2021-01-24T15:54:31.664Z", "updated_at": "2021-03-23T11:43:59.778Z", "visible": false, "name": "Salon", "description": "ZR1188945214", "price": "2000.00", "main_image": "products/6d4fe91d4d8eea225999707ddd54342c_KgtKqVA.jpg", "slider": "[\"/uploads/products/6d4fe91d4d8eea225999707ddd54342c.jpg\"]", "discount_price": "200.00", "weight": 100, "reference": null, "stock": "20.00", "category": 3, "free_delivery": false}}, {"model": "ecommerce.product", "pk": 4, "fields": {"created_at": "2021-03-17T16:37:47.721Z", "updated_at": "2021-05-27T20:10:09.838Z", "visible": false, "name": "hello", "description": "qsdfqsdf", "price": "1500.00", "main_image": "products/qr-code-1.png", "slider": "[\"/uploads/products/austin-chan-ukzHlkoz1IE-unsplash.jpg\", \"/uploads/products/carson-arias-7Z03R1wOdmI-unsplash.jpg\", \"/uploads/products/diego-ph-fIq0tET6llw-unsplash.jpg\", \"/uploads/products/florian-klauer-mk7D-4UCfmg-unsplash.jpg\"]", "discount_price": null, "weight": 100, "reference": "qsdfqsdfghsdfhg", "stock": "1800.00", "category": 1, "free_delivery": false}}, {"model": "ecommerce.product", "pk": 5, "fields": {"created_at": "2021-05-05T11:20:48.843Z", "updated_at": "2021-05-27T20:10:08.336Z", "visible": false, "name": "nouveau", "description": "nouveau", "price": "1500.00", "main_image": "products/7.jpg", "slider": "[]", "discount_price": "120.00", "weight": 100, "reference": "16857946321", "stock": "15000.00", "category": 4, "free_delivery": true}}, {"model": "ecommerce.product", "pk": 6, "fields": {"created_at": "2021-05-05T11:20:48.956Z", "updated_at": "2021-05-27T20:10:06.451Z", "visible": false, "name": "nouveau", "description": "nouveau", "price": "1500.00", "main_image": "products/7_RlcO5an.jpg", "slider": "[\"/uploads/products/7.jpg\", \"/uploads/products/5.jpg\", \"/uploads/products/6.jpg\", \"/uploads/products/2.jpg\", \"/uploads/products/3.jpg\"]", "discount_price": "120.00", "weight": 100, "reference": "16857946321", "stock": "15000.00", "category": 4, "free_delivery": true}}, {"model": "ecommerce.product", "pk": 7, "fields": {"created_at": "2021-05-27T20:11:53.325Z", "updated_at": "2021-05-27T20:11:53.325Z", "visible": true, "name": "Genouillére", "description": "Genouillére", "price": "1500.00", "main_image": "products/Genouillére.jpg", "slider": "[]", "discount_price": null, "weight": 100, "reference": null, "stock": "1500.00", "category": 5, "free_delivery": false}}, {"model": "ecommerce.product", "pk": 8, "fields": {"created_at": "2021-05-27T20:11:53.480Z", "updated_at": "2021-05-27T20:11:53.482Z", "visible": true, "name": "Genouillére", "description": "Genouillére", "price": "1500.00", "main_image": "products/Genouillére_9GpwAGN.jpg", "slider": "[]", "discount_price": null, "weight": 100, "reference": null, "stock": "1500.00", "category": 5, "free_delivery": false}}, {"model": "ecommerce.product", "pk": 9, "fields": {"created_at": "2021-05-27T20:12:46.704Z", "updated_at": "2021-05-27T20:12:46.704Z", "visible": true, "name": "Collier cervical", "description": "Collier cervical", "price": "2000.00", "main_image": "products/Collier_cervical.jpg", "slider": "[]", "discount_price": null, "weight": 100, "reference": null, "stock": "200.00", "category": 6, "free_delivery": false}}, {"model": "ecommerce.product", "pk": 10, "fields": {"created_at": "2021-05-27T20:12:46.829Z", "updated_at": "2021-05-27T20:12:46.831Z", "visible": true, "name": "Collier cervical", "description": "Collier cervical", "price": "2000.00", "main_image": "products/Collier_cervical_l54G9SU.jpg", "slider": "[]", "discount_price": null, "weight": 100, "reference": null, "stock": "200.00", "category": 6, "free_delivery": false}}, {"model": "ecommerce.product", "pk": 11, "fields": {"created_at": "2021-05-27T20:13:42.332Z", "updated_at": "2021-05-27T20:13:42.332Z", "visible": true, "name": "Chevillère", "description": "Chevillère", "price": "6000.00", "main_image": "products/Chevillère.jpg", "slider": "[]", "discount_price": null, "weight": 100, "reference": null, "stock": "500.00", "category": 7, "free_delivery": false}}, {"model": "ecommerce.product", "pk": 12, "fields": {"created_at": "2021-05-27T20:13:42.456Z", "updated_at": "2021-05-27T20:13:42.458Z", "visible": true, "name": "Chevillère", "description": "Chevillère", "price": "6000.00", "main_image": "products/Chevillère_CMv5q2k.jpg", "slider": "[]", "discount_price": null, "weight": 100, "reference": null, "stock": "500.00", "category": 7, "free_delivery": false}}, {"model": "ecommerce.product", "pk": 13, "fields": {"created_at": "2021-05-27T20:14:33.499Z", "updated_at": "2021-05-27T20:14:33.499Z", "visible": true, "name": "Ceinture Abdominale", "description": "Ceinture Abdominale", "price": "6000.00", "main_image": "products/Ceinture_Abdominale.jpg", "slider": "[]", "discount_price": null, "weight": 100, "reference": null, "stock": "6000.00", "category": 8, "free_delivery": false}}, {"model": "ecommerce.product", "pk": 14, "fields": {"created_at": "2021-05-27T20:14:33.627Z", "updated_at": "2021-05-27T20:14:33.629Z", "visible": true, "name": "Ceinture Abdominale", "description": "Ceinture Abdominale", "price": "6000.00", "main_image": "products/Ceinture_Abdominale_M6bpzKw.jpg", "slider": "[]", "discount_price": null, "weight": 100, "reference": null, "stock": "6000.00", "category": 8, "free_delivery": false}}, {"model": "ecommerce.product", "pk": 15, "fields": {"created_at": "2021-05-27T20:16:35.513Z", "updated_at": "2021-05-27T20:16:35.513Z", "visible": true, "name": "Ceinture Abdominale", "description": "Ceinture Abdominale", "price": "500.00", "main_image": "products/Ceinture_Abdominale_pQwbGNf.jpg", "slider": "[]", "discount_price": null, "weight": 100, "reference": null, "stock": "500.00", "category": 8, "free_delivery": false}}, {"model": "ecommerce.product", "pk": 16, "fields": {"created_at": "2021-05-27T20:16:35.641Z", "updated_at": "2021-05-27T20:16:35.643Z", "visible": true, "name": "Ceinture Abdominale", "description": "Ceinture Abdominale", "price": "500.00", "main_image": "products/Ceinture_Abdominale_FIZrbG0.jpg", "slider": "[]", "discount_price": null, "weight": 100, "reference": null, "stock": "500.00", "category": 8, "free_delivery": false}}, {"model": "ecommerce.product", "pk": 18, "fields": {"created_at": "2021-05-27T20:17:44.487Z", "updated_at": "2021-05-27T20:17:44.487Z", "visible": true, "name": "Chevillère", "description": "Chevillère", "price": "8000.00", "main_image": "products/Chevillère_05ext30.jpg", "slider": "[]", "discount_price": null, "weight": 100, "reference": null, "stock": "500.00", "category": 7, "free_delivery": false}}, {"model": "ecommerce.product", "pk": 19, "fields": {"created_at": "2021-05-27T20:17:44.611Z", "updated_at": "2021-05-27T20:17:44.613Z", "visible": true, "name": "Chevillère", "description": "Chevillère", "price": "8000.00", "main_image": "products/Chevillère_xRKSV1f.jpg", "slider": "[]", "discount_price": null, "weight": 100, "reference": null, "stock": "500.00", "category": 7, "free_delivery": false}}, {"model": "ecommerce.product", "pk": 20, "fields": {"created_at": "2021-05-27T20:18:10.523Z", "updated_at": "2021-05-27T20:18:10.523Z", "visible": true, "name": "Collier cervical", "description": "Collier cervical", "price": "8000.00", "main_image": "products/Collier_cervical_VcriEQO.jpg", "slider": "[]", "discount_price": null, "weight": 100, "reference": null, "stock": "6000.00", "category": 6, "free_delivery": false}}, {"model": "ecommerce.product", "pk": 21, "fields": {"created_at": "2021-05-27T20:18:10.655Z", "updated_at": "2021-05-27T20:18:10.657Z", "visible": true, "name": "Collier cervical", "description": "Collier cervical", "price": "8000.00", "main_image": "products/Collier_cervical_HZ18Fd6.jpg", "slider": "[]", "discount_price": null, "weight": 100, "reference": null, "stock": "6000.00", "category": 6, "free_delivery": false}}, {"model": "ecommerce.product", "pk": 22, "fields": {"created_at": "2021-05-31T12:32:52.464Z", "updated_at": "2021-05-31T12:32:52.464Z", "visible": true, "name": "dfgsdg", "description": "sdfgsdfg", "price": "1500.00", "main_image": "products/0-02-0a-4af659e52fb977ff6c79bc56fd35165240f51ac1e82491956e9343b12898b69a_48e48de8.png", "slider": "[]", "discount_price": null, "weight": 100, "reference": null, "stock": "1500.00", "category": 1, "free_delivery": false}}, {"model": "ecommerce.product", "pk": 23, "fields": {"created_at": "2021-05-31T12:32:52.686Z", "updated_at": "2021-05-31T12:32:52.689Z", "visible": true, "name": "dfgsdg", "description": "sdfgsdfg", "price": "1500.00", "main_image": "products/0-02-0a-4af659e52fb977ff6c79bc56fd35165240f51ac1e82491956e9343b12898b69a_48e48d_hwwayb9.png", "slider": "[]", "discount_price": null, "weight": 100, "reference": null, "stock": "1500.00", "category": 1, "free_delivery": false}}, {"model": "ecommerce.product", "pk": 24, "fields": {"created_at": "2021-05-31T12:35:53.150Z", "updated_at": "2021-05-31T12:35:53.150Z", "visible": true, "name": "yuyuyu", "description": "yuyuyu", "price": "1500.00", "main_image": "products/0-02-0a-4af659e52fb977ff6c79bc56fd35165240f51ac1e82491956e9343b12898b69a_48e48d_aX2KsqO.png", "slider": "[]", "discount_price": null, "weight": 100, "reference": null, "stock": "1500.00", "category": 8, "free_delivery": false}}, {"model": "ecommerce.product", "pk": 25, "fields": {"created_at": "2021-05-31T12:42:10.253Z", "updated_at": "2021-05-31T12:42:10.253Z", "visible": true, "name": "zertertg", "description": "vfbvxcbxcvb", "price": "1800.00", "main_image": "products/0-02-0a-4af659e52fb977ff6c79bc56fd35165240f51ac1e82491956e9343b12898b69a_48e48d_GaYBbS7.png", "slider": "[]", "discount_price": null, "weight": 100, "reference": null, "stock": "1800.00", "category": 4, "free_delivery": false}}, {"model": "ecommerce.product", "pk": 26, "fields": {"created_at": "2021-05-31T12:42:10.415Z", "updated_at": "2021-05-31T12:42:10.417Z", "visible": true, "name": "zertertg", "description": "vfbvxcbxcvb", "price": "1800.00", "main_image": "products/0-02-0a-4af659e52fb977ff6c79bc56fd35165240f51ac1e82491956e9343b12898b69a_48e48d_FeFea0W.png", "slider": "[]", "discount_price": null, "weight": 100, "reference": null, "stock": "1800.00", "category": 4, "free_delivery": false}}, {"model": "ecommerce.product", "pk": 27, "fields": {"created_at": "2021-05-31T14:42:36.382Z", "updated_at": "2021-05-31T14:42:36.382Z", "visible": true, "name": "rty", "description": "rty", "price": "1800.00", "main_image": "products/0-02-0a-4af659e52fb977ff6c79bc56fd35165240f51ac1e82491956e9343b12898b69a_48e48d_VV0KvVi.png", "slider": "[]", "discount_price": null, "weight": 100, "reference": null, "stock": "1500.00", "category": 7, "free_delivery": false}}, {"model": "ecommerce.product", "pk": 28, "fields": {"created_at": "2021-05-31T14:47:46.411Z", "updated_at": "2021-05-31T14:47:46.411Z", "visible": true, "name": "hhhhh", "description": "hhhhh", "price": "1800.00", "main_image": "products/0-02-0a-4af659e52fb977ff6c79bc56fd35165240f51ac1e82491956e9343b12898b69a_48e48d_6iueeOS.png", "slider": "[]", "discount_price": null, "weight": 100, "reference": null, "stock": "1800.00", "category": 7, "free_delivery": false}}, {"model": "ecommerce.product", "pk": 29, "fields": {"created_at": "2021-05-31T14:47:46.563Z", "updated_at": "2021-05-31T14:47:46.566Z", "visible": true, "name": "hhhhh", "description": "hhhhh", "price": "1800.00", "main_image": "products/0-02-0a-4af659e52fb977ff6c79bc56fd35165240f51ac1e82491956e9343b12898b69a_48e48d_ssc8l6Z.png", "slider": "[]", "discount_price": null, "weight": 100, "reference": null, "stock": "1800.00", "category": 7, "free_delivery": false}}, {"model": "ecommerce.product", "pk": 30, "fields": {"created_at": "2021-05-31T14:53:47.522Z", "updated_at": "2021-05-31T14:53:47.522Z", "visible": true, "name": "sssssssss", "description": "sssssssssss", "price": "1800.00", "main_image": "products/0-02-0a-4af659e52fb977ff6c79bc56fd35165240f51ac1e82491956e9343b12898b69a_48e48d_cEUXper.png", "slider": "[]", "discount_price": null, "weight": 100, "reference": null, "stock": "200.00", "category": 5, "free_delivery": false}}, {"model": "ecommerce.product", "pk": 31, "fields": {"created_at": "2021-05-31T14:53:47.675Z", "updated_at": "2021-05-31T14:53:47.677Z", "visible": true, "name": "sssssssss", "description": "sssssssssss", "price": "1800.00", "main_image": "products/0-02-0a-4af659e52fb977ff6c79bc56fd35165240f51ac1e82491956e9343b12898b69a_48e48d_9k4hV1E.png", "slider": "[]", "discount_price": null, "weight": 100, "reference": null, "stock": "200.00", "category": 5, "free_delivery": false}}, {"model": "ecommerce.product", "pk": 32, "fields": {"created_at": "2021-05-31T15:02:21.264Z", "updated_at": "2021-05-31T15:02:21.264Z", "visible": true, "name": "nnnnnnnnn", "description": "nnnnnnnn", "price": "11800.00", "main_image": "products/0-02-0a-4af659e52fb977ff6c79bc56fd35165240f51ac1e82491956e9343b12898b69a_48e48d_W6kKUYg.png", "slider": "[]", "discount_price": null, "weight": 100, "reference": null, "stock": "1800.00", "category": 1, "free_delivery": false}}, {"model": "ecommerce.product", "pk": 33, "fields": {"created_at": "2021-05-31T15:02:21.415Z", "updated_at": "2021-05-31T15:02:21.418Z", "visible": true, "name": "nnnnnnnnn", "description": "nnnnnnnn", "price": "11800.00", "main_image": "products/0-02-0a-4af659e52fb977ff6c79bc56fd35165240f51ac1e82491956e9343b12898b69a_48e48d_otegDWQ.png", "slider": "[]", "discount_price": null, "weight": 100, "reference": null, "stock": "1800.00", "category": 1, "free_delivery": false}}, {"model": "ecommerce.product", "pk": 34, "fields": {"created_at": "2021-05-31T15:03:31.684Z", "updated_at": "2021-05-31T15:03:31.689Z", "visible": true, "name": "bbbbbbbbbbbb", "description": "bbbbbbbbbbb", "price": "1900.00", "main_image": "products/0-02-0a-4af659e52fb977ff6c79bc56fd35165240f51ac1e82491956e9343b12898b69a_48e48d_ThhITi9.png", "slider": "[]", "discount_price": null, "weight": 100, "reference": null, "stock": "1500.00", "category": 4, "free_delivery": false}}]